devicename,kernelname,samples,channels,elements,beams,integration,precision,reads,writes,avg_time,min_time,max_time,avg_throughput,min_throughput,max_throughput,avg_bandwidth,min_bandwidth,max_bandwidth,percentage_avg_bandwidth,percentage_min_bandwidth,percentage_max_bandwidth,input_avg_bandwidth,input_min_bandwidth,input_max_bandwidth,output_avg_bandwidth,output_min_bandwidth,output_max_bandwidth
GeForce RTX 3090,Unpacker,4096,32,16,32,1,half,134217728,16777216,0.001592,0.001472,0.002112,2656.71,1985.94,2849.39,95641.4,71493.8,102578,20434.1,15274.9,21916.1,85014.6,63550.1,91180.5,10626.8,7943.76,11397.6
GeForce RTX 3090,Unpacker,4096,32,16,64,1,half,134217728,16777216,0.0014992,0.001472,0.001728,2804.15,2427.26,2849.39,100949,87381.3,102578,21568.1,18669.3,21916.1,89732.7,77672.3,91180.5,11216.6,9709.04,11397.6
GeForce RTX 3090,Unpacker,4096,32,16,96,1,half,134217728,16777216,0.0015072,0.00144,0.001728,2790.31,2427.26,2912.71,100451,87381.3,104858,21461.8,18669.3,22403.2,89290,77672.3,93206.8,11161.3,9709.04,11650.8
GeForce RTX 3090,Unpacker,4096,32,16,128,1,half,134217728,16777216,0.0015856,0.001472,0.001984,2663.94,2114.06,2849.39,95902,76106.3,102578,20489.8,16260.4,21916.1,85246.2,67650.1,91180.5,10655.8,8456.26,11397.6
GeForce RTX 3090,Unpacker,4096,32,16,160,1,half,134217728,16777216,0.0014944,0.00144,0.001728,2813.78,2427.26,2912.71,101296,87381.3,104858,21642.2,18669.3,22403.2,90040.9,77672.3,93206.8,11255.1,9709.04,11650.8
GeForce RTX 3090,Unpacker,4096,32,16,192,1,half,134217728,16777216,0.0015088,0.00144,0.001824,2791.3,2299.51,2912.71,100487,82782.3,104858,21469.3,17686.7,22403.2,89321.5,73584.3,93206.8,11165.2,9198.04,11650.8
GeForce RTX 3090,Unpacker,4096,32,16,224,1,half,134217728,16777216,0.0014976,0.00144,0.001696,2806.83,2473.06,2912.71,101046,89030,104858,21588.8,19021.6,22403.2,89818.5,79137.8,93206.8,11227.3,9892.23,11650.8
GeForce RTX 3090,Unpacker,4096,32,16,256,1,half,134217728,16777216,0.0014912,0.00144,0.001728,2817.48,2427.26,2912.71,101429,87381.3,104858,21670.7,18669.3,22403.2,90159.5,77672.3,93206.8,11269.9,9709.04,11650.8
GeForce RTX 3090,Unpacker,4096,32,16,288,1,half,134217728,16777216,0.00148,0.001408,0.00176,2840.19,2383.13,2978.91,102247,85792.6,107241,21845.4,18329.9,22912.3,90886.1,76260.1,95325.1,11360.8,9532.51,11915.6
GeForce RTX 3090,Unpacker,4096,32,16,320,1,half,134217728,16777216,0.0015168,0.00144,0.001824,2776.55,2299.51,2912.71,99955.7,82782.3,104858,21355.9,17686.7,22403.2,88849.5,73584.3,93206.8,11106.2,9198.04,11650.8
GeForce RTX 3090,Unpacker,4096,32,16,352,1,half,134217728,16777216,0.0014976,0.001408,0.001728,2813,2427.26,2978.91,101268,87381.3,107241,21636.2,18669.3,22912.3,90015.9,77672.3,95325.1,11252,9709.04,11915.6
GeForce RTX 3090,Unpacker,4096,32,16,384,1,half,134217728,16777216,0.0015104,0.00144,0.001792,2784.84,2340.57,2912.71,100254,84260.6,104858,21419.6,18002.5,22403.2,89114.8,74898.3,93206.8,11139.3,9362.29,11650.8
GeForce RTX 3090,Unpacker,4096,32,16,416,1,half,134217728,16777216,0.0014592,0.001408,0.001792,2882.97,2340.57,2978.91,103787,84260.6,107241,22174.4,18002.5,22912.3,92255.1,74898.3,95325.1,11531.9,9362.29,11915.6
GeForce RTX 3090,Unpacker,4096,32,16,448,1,half,134217728,16777216,0.0014272,0.001344,0.00176,2958.32,2383.13,3120.76,106500,85792.6,112347,22754,18329.9,24003.4,94666.2,76260.1,99864.4,11833.3,9532.51,12483
GeForce RTX 3090,Unpacker,4096,32,16,480,1,half,134217728,16777216,0.0014592,0.001344,0.001728,2885.98,2427.26,3120.76,103895,87381.3,112347,22197.6,18669.3,24003.4,92351.3,77672.3,99864.4,11543.9,9709.04,12483
GeForce RTX 3090,Unpacker,4096,32,16,512,1,half,134217728,16777216,0.0014304,0.001376,0.001664,2938.98,2520.62,3048.19,105803,90742.2,109735,22605.2,19387.4,23445.2,94047.4,80659.7,97542,11755.9,10082.5,12192.7
GeForce RTX 3090,Unpacker,4096,32,16,544,1,half,134217728,16777216,0.0014288,0.001344,0.001696,2942.51,2473.06,3120.76,105930,89030,112347,22632.4,19021.6,24003.4,94160.3,79137.8,99864.4,11770,9892.23,12483
GeForce RTX 3090,Unpacker,4096,32,16,576,1,half,134217728,16777216,0.001408,0.001344,0.001536,2984.02,2730.67,3120.76,107425,98304,112347,22951.7,21003,24003.4,95488.7,87381.3,99864.4,11936.1,10922.7,12483
GeForce RTX 3090,Unpacker,4096,32,16,608,1,half,134217728,16777216,0.0014512,0.001376,0.001984,2909.65,2114.06,3048.19,104748,76106.3,109735,22379.7,16260.4,23445.2,93108.9,67650.1,97542,11638.6,8456.26,12192.7
GeForce RTX 3090,Unpacker,4096,32,16,640,1,half,134217728,16777216,0.0013968,0.001344,0.001568,3009.48,2674.94,3120.76,108341,96297.8,112347,23147.5,20574.3,24003.4,96303.3,85598,99864.4,12037.9,10699.8,12483
GeForce RTX 3090,Unpacker,4096,32,16,672,1,half,134217728,16777216,0.0014048,0.001376,0.001568,2987.96,2674.94,3048.19,107566,96297.8,109735,22981.9,20574.3,23445.2,95614.6,85598,97542,11951.8,10699.8,12192.7
GeForce RTX 3090,Unpacker,4096,32,16,704,1,half,134217728,16777216,0.0013952,0.001376,0.001408,3006.62,2978.91,3048.19,108238,107241,109735,23125.5,22912.3,23445.2,96211.8,95325.1,97542,12026.5,11915.6,12192.7
GeForce RTX 3090,Unpacker,4096,32,16,736,1,half,134217728,16777216,0.0013856,0.001344,0.001664,3036.76,2520.62,3120.76,109323,90742.2,112347,23357.3,19387.4,24003.4,97176.3,80659.7,99864.4,12147,10082.5,12483
GeForce RTX 3090,Unpacker,4096,32,16,768,1,half,134217728,16777216,0.0014256,0.001344,0.001728,2954.88,2427.26,3120.76,106376,87381.3,112347,22727.5,18669.3,24003.4,94556.2,77672.3,99864.4,11819.5,9709.04,12483
GeForce RTX 3090,Unpacker,4096,32,16,800,1,half,134217728,16777216,0.0014192,0.001344,0.00176,2968.95,2383.13,3120.76,106882,85792.6,112347,22835.7,18329.9,24003.4,95006.4,76260.1,99864.4,11875.8,9532.51,12483
GeForce RTX 3090,Unpacker,4096,32,16,832,1,half,134217728,16777216,0.0014384,0.001376,0.00176,2928.25,2383.13,3048.19,105417,85792.6,109735,22522.7,18329.9,23445.2,93704.1,76260.1,97542,11713,9532.51,12192.7
GeForce RTX 3090,Unpacker,4096,32,16,864,1,half,134217728,16777216,0.001424,0.001344,0.001824,2961.92,2299.51,3120.76,106629,82782.3,112347,22781.7,17686.7,24003.4,94781.6,73584.3,99864.4,11847.7,9198.04,12483
GeForce RTX 3090,Unpacker,4096,32,16,896,1,half,134217728,16777216,0.001392,0.001344,0.00176,3023.3,2383.13,3120.76,108839,85792.6,112347,23253.8,18329.9,24003.4,96745.7,76260.1,99864.4,12093.2,9532.51,12483
GeForce RTX 3090,Unpacker,4096,32,16,928,1,half,134217728,16777216,0.0013792,0.001344,0.001472,3042.04,2849.39,3120.76,109513,102578,112347,23397.9,21916.1,24003.4,97345.3,91180.5,99864.4,12168.2,11397.6,12483
GeForce RTX 3090,Unpacker,4096,32,16,960,1,half,134217728,16777216,0.0014256,0.001344,0.001696,2952.79,2473.06,3120.76,106300,89030,112347,22711.4,19021.6,24003.4,94489.1,79137.8,99864.4,11811.1,9892.23,12483
GeForce RTX 3090,Unpacker,4096,32,16,992,1,half,134217728,16777216,0.0013936,0.001344,0.0016,3014.53,2621.44,3120.76,108523,94371.8,112347,23186.3,20162.9,24003.4,96464.9,83886.1,99864.4,12058.1,10485.8,12483
GeForce RTX 3090,Unpacker,4096,32,16,1024,1,half,134217728,16777216,0.0014064,0.001376,0.001472,2983.58,2849.39,3048.19,107409,102578,109735,22948.3,21916.1,23445.2,95474.7,91180.5,97542,11934.3,11397.6,12192.7
GeForce RTX 3090,Unpacker,4096,32,32,32,1,half,268435456,33554432,0.0014256,0.001344,0.001696,5902.15,4946.11,6241.52,212478,178060,224695,45396.5,38043.1,48006.8,188869,158276,199729,23608.6,19784.5,24966.1
GeForce RTX 3090,Unpacker,4096,32,32,64,1,half,268435456,33554432,0.0013936,0.001344,0.001728,6045.5,4854.52,6241.52,217638,174763,224695,46499,37338.6,48006.8,193456,155345,199729,24182,19418.1,24966.1
GeForce RTX 3090,Unpacker,4096,32,32,96,1,half,268435456,33554432,0.0014096,0.001376,0.001536,5959.55,5461.33,6096.37,214544,196608,219469,45838,42005.9,46890.4,190706,174763,195084,23838.2,21845.3,24385.5
GeForce RTX 3090,Unpacker,4096,32,32,128,1,half,268435456,33554432,0.0013696,0.001344,0.001472,6128.26,5698.78,6241.52,220617,205156,224695,47135.7,43832.3,48006.8,196104,182361,199729,24513.1,22795.1,24966.1
GeForce RTX 3090,Unpacker,4096,32,32,160,1,half,268435456,33554432,0.001432,0.001376,0.001856,5891.06,4519.72,6096.37,212078,162710,219469,45311.2,34763.5,46890.4,188514,144631,195084,23564.2,18078.9,24385.5
GeForce RTX 3090,Unpacker,4096,32,32,192,1,half,268435456,33554432,0.0013904,0.001344,0.001632,6045.42,5140.08,6241.52,217635,185043,224695,46498.4,39535,48006.8,193453,164483,199729,24181.7,20560.3,24966.1
GeForce RTX 3090,Unpacker,4096,32,32,224,1,half,268435456,33554432,0.0014656,0.001376,0.001728,5747,4854.52,6096.37,206892,174763,219469,44203.1,37338.6,46890.4,183904,155345,195084,22988,19418.1,24385.5
GeForce RTX 3090,Unpacker,4096,32,32,256,1,half,268435456,33554432,0.0014016,0.001344,0.001632,5997.14,5140.08,6241.52,215897,185043,224695,46127.1,39535,48006.8,191909,164483,199729,23988.6,20560.3,24966.1
GeForce RTX 3090,Unpacker,4096,32,32,288,1,half,268435456,33554432,0.0013696,0.001344,0.001472,6127.96,5698.78,6241.52,220606,205156,224695,47133.3,43832.3,48006.8,196095,182361,199729,24511.8,22795.1,24966.1
GeForce RTX 3090,Unpacker,4096,32,32,320,1,half,268435456,33554432,0.001472,0.001408,0.00176,5724.23,4766.25,5957.82,206072,171585,214481,44028,36659.7,45824.7,183175,152520,190650,22896.9,19065,23831.3
GeForce RTX 3090,Unpacker,4096,32,32,352,1,half,268435456,33554432,0.0014128,0.001376,0.001568,5941.89,5349.88,6096.37,213908,192596,219469,45702.2,41148.7,46890.4,190141,171196,195084,23767.6,21399.5,24385.5
GeForce RTX 3090,Unpacker,4096,32,32,384,1,half,268435456,33554432,0.0014336,0.001376,0.001632,5863.11,5140.08,6096.37,211072,185043,219469,45096.2,39535,46890.4,187620,164483,195084,23452.5,20560.3,24385.5
GeForce RTX 3090,Unpacker,4096,32,32,416,1,half,268435456,33554432,0.0014256,0.001344,0.001728,5916.38,4854.52,6241.52,212990,174763,224695,45505.9,37338.6,48006.8,189324,155345,199729,23665.5,19418.1,24966.1
GeForce RTX 3090,Unpacker,4096,32,32,448,1,half,268435456,33554432,0.001464,0.001408,0.001664,5747.21,5041.23,5957.82,206900,181484,214481,44204.8,38774.7,45824.7,183911,161319,190650,22988.8,20164.9,23831.3
GeForce RTX 3090,Unpacker,4096,32,32,480,1,half,268435456,33554432,0.0014208,0.001376,0.001728,5917.72,4854.52,6096.37,213038,174763,219469,45516.3,37338.6,46890.4,189367,155345,195084,23670.9,19418.1,24385.5
GeForce RTX 3090,Unpacker,4096,32,32,512,1,half,268435456,33554432,0.0014,0.001344,0.0016,6001.65,5242.88,6241.52,216059,188744,224695,46161.8,40325.7,48006.8,192053,167772,199729,24006.6,20971.5,24966.1
GeForce RTX 3090,Unpacker,4096,32,32,544,1,half,268435456,33554432,0.0014112,0.001344,0.001632,5962.92,5140.08,6241.52,214665,185043,224695,45863.9,39535,48006.8,190813,164483,199729,23851.7,20560.3,24966.1
GeForce RTX 3090,Unpacker,4096,32,32,576,1,half,268435456,33554432,0.0014,0.001344,0.001472,5997.35,5698.78,6241.52,215904,205156,224695,46128.7,43832.3,48006.8,191915,182361,199729,23989.4,22795.1,24966.1
GeForce RTX 3090,Unpacker,4096,32,32,608,1,half,268435456,33554432,0.0014208,0.001344,0.001632,5918.82,5140.08,6241.52,213077,185043,224695,45524.7,39535,48006.8,189402,164483,199729,23675.3,20560.3,24966.1
GeForce RTX 3090,Unpacker,4096,32,32,640,1,half,268435456,33554432,0.0014256,0.001344,0.001696,5906.79,4946.11,6241.52,212644,178060,224695,45432.2,38043.1,48006.8,189017,158276,199729,23627.2,19784.5,24966.1
GeForce RTX 3090,Unpacker,4096,32,32,672,1,half,268435456,33554432,0.0014352,0.001376,0.001664,5857.8,5041.23,6096.37,210881,181484,219469,45055.4,38774.7,46890.4,187450,161319,195084,23431.2,20164.9,24385.5
GeForce RTX 3090,Unpacker,4096,32,32,704,1,half,268435456,33554432,0.001416,0.001344,0.001664,5935.77,5041.23,6241.52,213688,181484,224695,45655.1,38774.7,48006.8,189945,161319,199729,23743.1,20164.9,24966.1
GeForce RTX 3090,Unpacker,4096,32,32,736,1,half,268435456,33554432,0.0014256,0.001376,0.0016,5893.75,5242.88,6096.37,212175,188744,219469,45331.9,40325.7,46890.4,188600,167772,195084,23575,20971.5,24385.5
GeForce RTX 3090,Unpacker,4096,32,32,768,1,half,268435456,33554432,0.0013952,0.001344,0.001632,6023.64,5140.08,6241.52,216851,185043,224695,46331,39535,48006.8,192757,164483,199729,24094.6,20560.3,24966.1
GeForce RTX 3090,Unpacker,4096,32,32,800,1,half,268435456,33554432,0.0014128,0.001376,0.001632,5950.69,5140.08,6096.37,214225,185043,219469,45769.8,39535,46890.4,190422,164483,195084,23802.8,20560.3,24385.5
GeForce RTX 3090,Unpacker,4096,32,32,832,1,half,268435456,33554432,0.0013856,0.001344,0.001472,6057.27,5698.78,6241.52,218062,205156,224695,46589.6,43832.3,48006.8,193833,182361,199729,24229.1,22795.1,24966.1
GeForce RTX 3090,Unpacker,4096,32,32,864,1,half,268435456,33554432,0.0014176,0.001376,0.001632,5928.34,5140.08,6096.37,213420,185043,219469,45597.9,39535,46890.4,189707,164483,195084,23713.4,20560.3,24385.5
GeForce RTX 3090,Unpacker,4096,32,32,896,1,half,268435456,33554432,0.0014144,0.001344,0.001664,5943.64,5041.23,6241.52,213971,181484,224695,45715.6,38774.7,48006.8,190197,161319,199729,23774.6,20164.9,24966.1
GeForce RTX 3090,Unpacker,4096,32,32,928,1,half,268435456,33554432,0.0014016,0.001344,0.0016,5995.58,5242.88,6241.52,215841,188744,224695,46115.1,40325.7,48006.8,191859,167772,199729,23982.3,20971.5,24966.1
GeForce RTX 3090,Unpacker,4096,32,32,960,1,half,268435456,33554432,0.0014,0.001344,0.001664,6003.28,5041.23,6241.52,216118,181484,224695,46174.4,38774.7,48006.8,192105,161319,199729,24013.1,20164.9,24966.1
GeForce RTX 3090,Unpacker,4096,32,32,992,1,half,268435456,33554432,0.0014432,0.001376,0.001696,5832.84,4946.11,6096.37,209982,178060,219469,44863.4,38043.1,46890.4,186651,158276,195084,23331.3,19784.5,24385.5
GeForce RTX 3090,Unpacker,4096,32,32,1024,1,half,268435456,33554432,0.0013984,0.001344,0.001536,6004.78,5461.33,6241.52,216172,196608,224695,46185.9,42005.9,48006.8,192153,174763,199729,24019.1,21845.3,24966.1
GeForce RTX 3090,Unpacker,4096,32,64,32,1,half,536870912,67108864,0.0013824,0.001344,0.001632,12159,10280.2,12483,437723,370086,449390,93520.9,79070,96013.6,389087,328965,399458,48635.8,41120.6,49932.2
GeForce RTX 3090,Unpacker,4096,32,64,64,1,half,536870912,67108864,0.0013872,0.001344,0.001568,12114.6,10699.8,12483,436125,385191,449390,93179.6,82297.4,96013.6,387667,342392,399458,48458.3,42799,49932.2
GeForce RTX 3090,Unpacker,4096,32,64,96,1,half,536870912,67108864,0.0013648,0.001344,0.001376,12294.4,12192.7,12483,442597,438939,449390,94562.2,93780.7,96013.6,393419,390168,399458,49177.4,48771,49932.2
GeForce RTX 3090,Unpacker,4096,32,64,128,1,half,536870912,67108864,0.0014448,0.001376,0.001664,11640.1,10082.5,12192.7,419044,362969,438939,89530.2,77549.4,93780.7,372484,322639,390168,46560.5,40329.8,48771
GeForce RTX 3090,Unpacker,4096,32,64,160,1,half,536870912,67108864,0.0013872,0.001344,0.0016,12110.7,10485.8,12483,435983,377487,449390,93149.3,80651.4,96013.6,387541,335544,399458,48442.6,41943,49932.2
GeForce RTX 3090,Unpacker,4096,32,64,192,1,half,536870912,67108864,0.0014176,0.001376,0.001568,11858,10699.8,12192.7,426886,385191,438939,91205.7,82297.4,93780.7,379454,342392,390168,47431.8,42799,48771
GeForce RTX 3090,Unpacker,4096,32,64,224,1,half,536870912,67108864,0.0014656,0.001376,0.001856,11516.3,9039.45,12192.7,414587,325420,438939,88577.8,69527.1,93780.7,368522,289262,390168,46065.2,36157.8,48771
GeForce RTX 3090,Unpacker,4096,32,64,256,1,half,536870912,67108864,0.0014112,0.001376,0.001632,11914.7,10280.2,12192.7,428929,370086,438939,91642,79070,93780.7,381270,328965,390168,47658.7,41120.6,48771
GeForce RTX 3090,Unpacker,4096,32,64,288,1,half,536870912,67108864,0.0013968,0.001344,0.0016,12030.9,10485.8,12483,433113,377487,449390,92536.1,80651.4,96013.6,384990,335544,399458,48123.7,41943,49932.2
GeForce RTX 3090,Unpacker,4096,32,64,320,1,half,536870912,67108864,0.0013968,0.001344,0.0016,12040.3,10485.8,12483,433452,377487,449390,92608.6,80651.4,96013.6,385291,335544,399458,48161.4,41943,49932.2
GeForce RTX 3090,Unpacker,4096,32,64,352,1,half,536870912,67108864,0.0014048,0.001344,0.001696,11974.2,9892.23,12483,431070,356120,449390,92099.4,76086.2,96013.6,383173,316551,399458,47896.6,39568.9,49932.2
GeForce RTX 3090,Unpacker,4096,32,64,384,1,half,536870912,67108864,0.0013856,0.001376,0.001472,12112,11397.6,12192.7,436033,410312,438939,93159.9,87664.6,93780.7,387585,364722,390168,48448.1,45590.3,48771
GeForce RTX 3090,Unpacker,4096,32,64,416,1,half,536870912,67108864,0.001392,0.001344,0.001568,12067.6,10699.8,12483,434434,385191,449390,92818.2,82297.4,96013.6,386163,342392,399458,48270.4,42799,49932.2
GeForce RTX 3090,Unpacker,4096,32,64,448,1,half,536870912,67108864,0.0014112,0.001344,0.001632,11918.7,10280.2,12483,429073,370086,449390,91672.9,79070,96013.6,381398,328965,399458,47674.8,41120.6,49932.2
GeForce RTX 3090,Unpacker,4096,32,64,480,1,half,536870912,67108864,0.0013936,0.001376,0.0016,12053.8,10485.8,12192.7,433936,377487,438939,92711.9,80651.4,93780.7,385721,335544,390168,48215.1,41943,48771
GeForce RTX 3090,Unpacker,4096,32,64,512,1,half,536870912,67108864,0.0013792,0.001344,0.001536,12174.1,10922.7,12483,438268,393216,449390,93637.4,84011.9,96013.6,389571,349525,399458,48696.4,43690.7,49932.2
GeForce RTX 3090,Unpacker,4096,32,64,544,1,half,536870912,67108864,0.0013872,0.001344,0.001504,12104.4,11155.1,12483,435757,401582,449390,93100.9,85799.4,96013.6,387339,356962,399458,48417.4,44620.3,49932.2
GeForce RTX 3090,Unpacker,4096,32,64,576,1,half,536870912,67108864,0.0014208,0.001344,0.001824,11866.7,9198.04,12483,427200,331129,449390,91272.8,70746.9,96013.6,379734,294337,399458,47466.7,36792.1,49932.2
GeForce RTX 3090,Unpacker,4096,32,64,608,1,half,536870912,67108864,0.0013952,0.001344,0.001504,12035.6,11155.1,12483,433280,401582,449390,92571.8,85799.4,96013.6,385138,356962,399458,48142.3,44620.3,49932.2
GeForce RTX 3090,Unpacker,4096,32,64,640,1,half,536870912,67108864,0.0014096,0.001376,0.001536,11914.6,10922.7,12192.7,428924,393216,438939,91641.1,84011.9,93780.7,381266,349525,390168,47658.2,43690.7,48771
GeForce RTX 3090,Unpacker,4096,32,64,672,1,half,536870912,67108864,0.001432,0.001344,0.001664,11752.5,10082.5,12483,423091,362969,449390,90394.7,77549.4,96013.6,376080,322639,399458,47010.1,40329.8,49932.2
GeForce RTX 3090,Unpacker,4096,32,64,704,1,half,536870912,67108864,0.0013936,0.001344,0.001568,12053.2,10699.8,12483,433916,385191,449390,92707.6,82297.4,96013.6,385703,342392,399458,48212.9,42799,49932.2
GeForce RTX 3090,Unpacker,4096,32,64,736,1,half,536870912,67108864,0.0014192,0.001344,0.001824,11868.4,9198.04,12483,427264,331129,449390,91286.3,70746.9,96013.6,379790,294337,399458,47473.8,36792.1,49932.2
GeForce RTX 3090,Unpacker,4096,32,64,768,1,half,536870912,67108864,0.0013904,0.001376,0.001472,12073.5,11397.6,12192.7,434645,410312,438939,92863.3,87664.6,93780.7,386351,364722,390168,48293.9,45590.3,48771
GeForce RTX 3090,Unpacker,4096,32,64,800,1,half,536870912,67108864,0.0014112,0.001344,0.0016,11914.5,10485.8,12483,428921,377487,449390,91640.4,80651.4,96013.6,381263,335544,399458,47657.9,41943,49932.2
GeForce RTX 3090,Unpacker,4096,32,64,832,1,half,536870912,67108864,0.0013936,0.001344,0.001504,12051.3,11155.1,12483,433846,401582,449390,92692.6,85799.4,96013.6,385641,356962,399458,48205.1,44620.3,49932.2
GeForce RTX 3090,Unpacker,4096,32,64,864,1,half,536870912,67108864,0.0014192,0.001376,0.001696,11851.7,9892.23,12192.7,426660,356120,438939,91157.4,76086.2,93780.7,379254,316551,390168,47406.7,39568.9,48771
GeForce RTX 3090,Unpacker,4096,32,64,896,1,half,536870912,67108864,0.0014016,0.001344,0.001696,12001,9892.23,12483,432037,356120,449390,92306.1,76086.2,96013.6,384033,316551,399458,48004.1,39568.9,49932.2
GeForce RTX 3090,Unpacker,4096,32,64,928,1,half,536870912,67108864,0.001424,0.001344,0.001632,11810.5,10280.2,12483,425177,370086,449390,90840.5,79070,96013.6,377935,328965,399458,47241.9,41120.6,49932.2
GeForce RTX 3090,Unpacker,4096,32,64,960,1,half,536870912,67108864,0.0014176,0.001344,0.001568,11856.5,10699.8,12483,426834,385191,449390,91194.4,82297.4,96013.6,379408,342392,399458,47426,42799,49932.2
GeForce RTX 3090,Unpacker,4096,32,64,992,1,half,536870912,67108864,0.0014464,0.001376,0.001728,11651.4,9709.04,12192.7,419450,349525,438939,89617,74677.2,93780.7,372845,310689,390168,46605.6,38836.1,48771
GeForce RTX 3090,Unpacker,4096,32,64,1024,1,half,536870912,67108864,0.0014192,0.001344,0.001696,11859.1,9892.23,12483,426928,356120,449390,91214.6,76086.2,96013.6,379492,316551,399458,47436.5,39568.9,49932.2
GeForce RTX 3090,Unpacker,4096,32,128,32,1,half,1073741824,134217728,0.0014288,0.001344,0.001856,23614.2,18078.9,24966.1,850110,650840,898779,181629,139054,192027,755653,578525,798915,94456.6,72315.6,99864.4
GeForce RTX 3090,Unpacker,4096,32,128,64,1,half,1073741824,134217728,0.0013952,0.001344,0.001504,24087.2,22310.1,24966.1,867139,803165,898779,185267,171599,192027,770790,713924,798915,96348.8,89240.5,99864.4
GeForce RTX 3090,Unpacker,4096,32,128,96,1,half,1073741824,134217728,0.001392,0.001344,0.001472,24120.5,22795.1,24966.1,868340,820625,898779,185524,175329,192027,771857,729444,798915,96482.2,91180.5,99864.4
GeForce RTX 3090,Unpacker,4096,32,128,128,1,half,1073741824,134217728,0.001392,0.001376,0.001632,24138.8,20560.3,24385.5,868997,740171,877878,185664,158140,187561,772442,657930,780336,96555.2,82241.3,97542
GeForce RTX 3090,Unpacker,4096,32,128,160,1,half,1073741824,134217728,0.0013872,0.001344,0.001472,24205.3,22795.1,24966.1,871389,820625,898779,186175,175329,192027,774568,729444,798915,96821,91180.5,99864.4
GeForce RTX 3090,Unpacker,4096,32,128,192,1,half,1073741824,134217728,0.001392,0.001344,0.001568,24132.8,21399.5,24966.1,868782,770382,898779,185618,164595,192027,772251,684784,798915,96531.3,85598,99864.4
GeForce RTX 3090,Unpacker,4096,32,128,224,1,half,1073741824,134217728,0.0014416,0.001344,0.001792,23413.8,18724.6,24966.1,842897,674085,898779,180088,144020,192027,749242,599186,798915,93655.2,74898.3,99864.4
GeForce RTX 3090,Unpacker,4096,32,128,256,1,half,1073741824,134217728,0.001408,0.001376,0.001504,23848,22310.1,24385.5,858529,803165,877878,183428,171599,187561,763137,713924,780336,95392.2,89240.5,97542
GeForce RTX 3090,Unpacker,4096,32,128,288,1,half,1073741824,134217728,0.0014368,0.001344,0.001696,23460.5,19784.5,24966.1,844578,712240,898779,180447,152172,192027,750736,633102,798915,93842,79137.8,99864.4
GeForce RTX 3090,Unpacker,4096,32,128,320,1,half,1073741824,134217728,0.0013984,0.001376,0.001664,24047.5,20164.9,24385.5,865708,725937,877878,184961,155099,187561,769518,645278,780336,96189.8,80659.7,97542
GeForce RTX 3090,Unpacker,4096,32,128,352,1,half,1073741824,134217728,0.0014416,0.001344,0.00176,23384.1,19065,24966.1,841829,686341,898779,179860,146639,192027,748293,610081,798915,93536.6,76260.1,99864.4
GeForce RTX 3090,Unpacker,4096,32,128,384,1,half,1073741824,134217728,0.0013984,0.001376,0.001472,24007.2,22795.1,24385.5,864260,820625,877878,184652,175329,187561,768231,729444,780336,96028.9,91180.5,97542
GeForce RTX 3090,Unpacker,4096,32,128,416,1,half,1073741824,134217728,0.0014112,0.001344,0.001696,23864.5,19784.5,24966.1,859123,712240,898779,183554,152172,192027,763665,633102,798915,95458.1,79137.8,99864.4
GeForce RTX 3090,Unpacker,4096,32,128,448,1,half,1073741824,134217728,0.0013936,0.001344,0.0016,24111.4,20971.5,24966.1,868012,754975,898779,185454,161303,192027,771566,671089,798915,96445.7,83886.1,99864.4
GeForce RTX 3090,Unpacker,4096,32,128,480,1,half,1073741824,134217728,0.0014144,0.001376,0.00176,23811,19065,24385.5,857195,686341,877878,183143,146639,187561,761951,610081,780336,95243.9,76260.1,97542
GeForce RTX 3090,Unpacker,4096,32,128,512,1,half,1073741824,134217728,0.0014304,0.001376,0.001696,23546.7,19784.5,24385.5,847680,712240,877878,181110,152172,187561,753493,633102,780336,94186.6,79137.8,97542
GeForce RTX 3090,Unpacker,4096,32,128,544,1,half,1073741824,134217728,0.0014176,0.001344,0.001696,23726.7,19784.5,24966.1,854161,712240,898779,182494,152172,192027,759254,633102,798915,94906.8,79137.8,99864.4
GeForce RTX 3090,Unpacker,4096,32,128,576,1,half,1073741824,134217728,0.0014064,0.001376,0.0016,23890.7,20971.5,24385.5,860066,754975,877878,183756,161303,187561,764503,671089,780336,95562.9,83886.1,97542
GeForce RTX 3090,Unpacker,4096,32,128,608,1,half,1073741824,134217728,0.0014416,0.001376,0.001696,23376,19784.5,24385.5,841537,712240,877878,179797,152172,187561,748033,633102,780336,93504.1,79137.8,97542
GeForce RTX 3090,Unpacker,4096,32,128,640,1,half,1073741824,134217728,0.0014384,0.001376,0.001632,23398.5,20560.3,24385.5,842348,740171,877878,179970,158140,187561,748754,657930,780336,93594.2,82241.3,97542
GeForce RTX 3090,Unpacker,4096,32,128,672,1,half,1073741824,134217728,0.0014224,0.001376,0.001728,23689,19418.1,24385.5,852804,699051,877878,182204,149354,187561,758048,621378,780336,94756,77672.3,97542
GeForce RTX 3090,Unpacker,4096,32,128,704,1,half,1073741824,134217728,0.0014112,0.001376,0.0016,23816.9,20971.5,24385.5,857408,754975,877878,183188,161303,187561,762141,671089,780336,95267.6,83886.1,97542
GeForce RTX 3090,Unpacker,4096,32,128,736,1,half,1073741824,134217728,0.0014128,0.001376,0.001504,23772.1,22310.1,24385.5,855797,803165,877878,182844,171599,187561,760708,713924,780336,95088.5,89240.5,97542
GeForce RTX 3090,Unpacker,4096,32,128,768,1,half,1073741824,134217728,0.001408,0.001376,0.001664,23874.5,20164.9,24385.5,859482,725937,877878,183631,155099,187561,763984,645278,780336,95498,80659.7,97542
GeForce RTX 3090,Unpacker,4096,32,128,800,1,half,1073741824,134217728,0.0014112,0.001376,0.0016,23813.6,20971.5,24385.5,857289,754975,877878,183163,161303,187561,762035,671089,780336,95254.3,83886.1,97542
GeForce RTX 3090,Unpacker,4096,32,128,832,1,half,1073741824,134217728,0.0014048,0.001376,0.001728,23950.4,19418.1,24385.5,862213,699051,877878,184215,149354,187561,766412,621378,780336,95801.5,77672.3,97542
GeForce RTX 3090,Unpacker,4096,32,128,864,1,half,1073741824,134217728,0.0014496,0.001344,0.001664,23222.9,20164.9,24966.1,836023,725937,898779,178619,155099,192027,743132,645278,798915,92891.5,80659.7,99864.4
GeForce RTX 3090,Unpacker,4096,32,128,896,1,half,1073741824,134217728,0.0014144,0.001376,0.001728,23783,19418.1,24385.5,856186,699051,877878,182927,149354,187561,761055,621378,780336,95131.8,77672.3,97542
GeForce RTX 3090,Unpacker,4096,32,128,928,1,half,1073741824,134217728,0.001416,0.001344,0.001696,23768,19784.5,24966.1,855648,712240,898779,182812,152172,192027,760576,633102,798915,95071.9,79137.8,99864.4
GeForce RTX 3090,Unpacker,4096,32,128,960,1,half,1073741824,134217728,0.0014288,0.001376,0.001728,23571.9,19418.1,24385.5,848589,699051,877878,181304,149354,187561,754302,621378,780336,94287.7,77672.3,97542
GeForce RTX 3090,Unpacker,4096,32,128,992,1,half,1073741824,134217728,0.0014304,0.001376,0.001728,23553.5,19418.1,24385.5,847927,699051,877878,181162,149354,187561,753713,621378,780336,94214.1,77672.3,97542
GeForce RTX 3090,Unpacker,4096,32,128,1024,1,half,1073741824,134217728,0.001416,0.001344,0.001664,23764,20164.9,24966.1,855504,725937,898779,182781,155099,192027,760448,645278,798915,95056,80659.7,99864.4
GeForce RTX 3090,Unpacker,4096,32,256,32,1,half,2147483648,268435456,0.001464,0.001376,0.001632,45977.6,41120.6,48771,1.65519e+06,1.48034e+06,1.75576e+06,353637,316280,375123,1.47128e+06,1.31586e+06,1.56067e+06,183910,164483,195084
GeForce RTX 3090,Unpacker,4096,32,256,64,1,half,2147483648,268435456,0.0014944,0.001376,0.001952,45351.5,34379.5,48771,1.63265e+06,1.23766e+06,1.75576e+06,348822,264431,375123,1.45125e+06,1.10015e+06,1.56067e+06,181406,137518,195084
GeForce RTX 3090,Unpacker,4096,32,256,96,1,half,2147483648,268435456,0.0014832,0.001376,0.001728,45495.6,38836.1,48771,1.63784e+06,1.3981e+06,1.75576e+06,349930,298709,375123,1.45586e+06,1.24276e+06,1.56067e+06,181982,155345,195084
GeForce RTX 3090,Unpacker,4096,32,256,128,1,half,2147483648,268435456,0.0014224,0.001344,0.001696,47317.4,39568.9,49932.2,1.70343e+06,1.42448e+06,1.79756e+06,363943,304345,384054,1.51416e+06,1.2662e+06,1.59783e+06,189270,158276,199729
GeForce RTX 3090,Unpacker,4096,32,256,160,1,half,2147483648,268435456,0.0014256,0.001376,0.001856,47282.2,36157.8,48771,1.70216e+06,1.30168e+06,1.75576e+06,363672,278108,375123,1.51303e+06,1.15705e+06,1.56067e+06,189129,144631,195084
GeForce RTX 3090,Unpacker,4096,32,256,192,1,half,2147483648,268435456,0.0014016,0.001376,0.001472,47905.9,45590.3,48771,1.72461e+06,1.64125e+06,1.75576e+06,368469,350658,375123,1.53299e+06,1.45889e+06,1.56067e+06,191624,182361,195084
GeForce RTX 3090,Unpacker,4096,32,256,224,1,half,2147483648,268435456,0.0014032,0.001344,0.001664,47922.3,40329.8,49932.2,1.7252e+06,1.45187e+06,1.79756e+06,368596,310198,384054,1.53351e+06,1.29056e+06,1.59783e+06,191689,161319,199729
GeForce RTX 3090,Unpacker,4096,32,256,256,1,half,2147483648,268435456,0.0014608,0.001376,0.00192,46277.2,34952.5,48771,1.66598e+06,1.25829e+06,1.75576e+06,355942,268838,375123,1.48087e+06,1.11848e+06,1.56067e+06,185109,139810,195084
GeForce RTX 3090,Unpacker,4096,32,256,288,1,half,2147483648,268435456,0.0014064,0.001376,0.001472,47744.6,45590.3,48771,1.7188e+06,1.64125e+06,1.75576e+06,367228,350658,375123,1.52783e+06,1.45889e+06,1.56067e+06,190978,182361,195084
GeForce RTX 3090,Unpacker,4096,32,256,320,1,half,2147483648,268435456,0.0014384,0.001376,0.001632,46792.6,41120.6,48771,1.68453e+06,1.48034e+06,1.75576e+06,359906,316280,375123,1.49736e+06,1.31586e+06,1.56067e+06,187170,164483,195084
GeForce RTX 3090,Unpacker,4096,32,256,352,1,half,2147483648,268435456,0.0014448,0.001376,0.001632,46618.7,41120.6,48771,1.67827e+06,1.48034e+06,1.75576e+06,358568,316280,375123,1.4918e+06,1.31586e+06,1.56067e+06,186475,164483,195084
GeForce RTX 3090,Unpacker,4096,32,256,384,1,half,2147483648,268435456,0.0014096,0.001376,0.001568,47655.2,42799,48771,1.71559e+06,1.54076e+06,1.75576e+06,366541,329189,375123,1.52497e+06,1.36957e+06,1.56067e+06,190621,171196,195084
GeForce RTX 3090,Unpacker,4096,32,256,416,1,half,2147483648,268435456,0.0014112,0.001376,0.0016,47614.9,41943,48771,1.71414e+06,1.50995e+06,1.75576e+06,366231,322606,375123,1.52368e+06,1.34218e+06,1.56067e+06,190459,167772,195084
GeForce RTX 3090,Unpacker,4096,32,256,448,1,half,2147483648,268435456,0.001392,0.001376,0.00144,48219.2,46603.4,48771,1.73589e+06,1.67772e+06,1.75576e+06,370879,358451,375123,1.54302e+06,1.49131e+06,1.56067e+06,192877,186414,195084
GeForce RTX 3090,Unpacker,4096,32,256,480,1,half,2147483648,268435456,0.001408,0.001376,0.001504,47693.8,44620.3,48771,1.71698e+06,1.60633e+06,1.75576e+06,366838,343198,375123,1.5262e+06,1.42785e+06,1.56067e+06,190775,178481,195084
GeForce RTX 3090,Unpacker,4096,32,256,512,1,half,2147483648,268435456,0.001424,0.001376,0.001568,47187.5,42799,48771,1.69875e+06,1.54076e+06,1.75576e+06,362943,329189,375123,1.51e+06,1.36957e+06,1.56067e+06,188750,171196,195084
GeForce RTX 3090,Unpacker,4096,32,256,544,1,half,2147483648,268435456,0.0014016,0.001376,0.001632,47954.8,41120.6,48771,1.72637e+06,1.48034e+06,1.75576e+06,368845,316280,375123,1.53455e+06,1.31586e+06,1.56067e+06,191819,164483,195084
GeForce RTX 3090,Unpacker,4096,32,256,576,1,half,2147483648,268435456,0.0014224,0.001344,0.001696,47353.9,39568.9,49932.2,1.70474e+06,1.42448e+06,1.79756e+06,364223,304345,384054,1.51532e+06,1.2662e+06,1.59783e+06,189415,158276,199729
GeForce RTX 3090,Unpacker,4096,32,256,608,1,half,2147483648,268435456,0.0014192,0.001376,0.001728,47435.6,38836.1,48771,1.70768e+06,1.3981e+06,1.75576e+06,364852,298709,375123,1.51794e+06,1.24276e+06,1.56067e+06,189742,155345,195084
GeForce RTX 3090,Unpacker,4096,32,256,640,1,half,2147483648,268435456,0.0014192,0.001344,0.001632,47378.9,41120.6,49932.2,1.70564e+06,1.48034e+06,1.79756e+06,364415,316280,384054,1.51612e+06,1.31586e+06,1.59783e+06,189515,164483,199729
GeForce RTX 3090,Unpacker,4096,32,256,672,1,half,2147483648,268435456,0.0014176,0.001376,0.001664,47435.1,40329.8,48771,1.70766e+06,1.45187e+06,1.75576e+06,364848,310198,375123,1.51792e+06,1.29056e+06,1.56067e+06,189740,161319,195084
GeForce RTX 3090,Unpacker,4096,32,256,704,1,half,2147483648,268435456,0.0014368,0.001376,0.001632,46835.2,41120.6,48771,1.68607e+06,1.48034e+06,1.75576e+06,360234,316280,375123,1.49873e+06,1.31586e+06,1.56067e+06,187341,164483,195084
GeForce RTX 3090,Unpacker,4096,32,256,736,1,half,2147483648,268435456,0.0014304,0.001376,0.001696,47102.9,39568.9,48771,1.6957e+06,1.42448e+06,1.75576e+06,362293,304345,375123,1.50729e+06,1.2662e+06,1.56067e+06,188412,158276,195084
GeForce RTX 3090,Unpacker,4096,32,256,768,1,half,2147483648,268435456,0.0014224,0.001376,0.001664,47318.3,40329.8,48771,1.70346e+06,1.45187e+06,1.75576e+06,363949,310198,375123,1.51418e+06,1.29056e+06,1.56067e+06,189273,161319,195084
GeForce RTX 3090,Unpacker,4096,32,256,800,1,half,2147483648,268435456,0.0014112,0.001376,0.001632,47624.7,41120.6,48771,1.71449e+06,1.48034e+06,1.75576e+06,366306,316280,375123,1.52399e+06,1.31586e+06,1.56067e+06,190499,164483,195084
GeForce RTX 3090,Unpacker,4096,32,256,832,1,half,2147483648,268435456,0.0014032,0.001344,0.001536,47871.2,43690.7,49932.2,1.72336e+06,1.57286e+06,1.79756e+06,368202,336048,384054,1.53188e+06,1.3981e+06,1.59783e+06,191485,174763,199729
GeForce RTX 3090,Unpacker,4096,32,256,864,1,half,2147483648,268435456,0.0014432,0.001376,0.00176,46695.8,38130,48771,1.68105e+06,1.37268e+06,1.75576e+06,359161,293278,375123,1.49426e+06,1.22016e+06,1.56067e+06,186783,152520,195084
GeForce RTX 3090,Unpacker,4096,32,256,896,1,half,2147483648,268435456,0.0014016,0.001376,0.001504,47900.8,44620.3,48771,1.72443e+06,1.60633e+06,1.75576e+06,368430,343198,375123,1.53283e+06,1.42785e+06,1.56067e+06,191603,178481,195084
GeForce RTX 3090,Unpacker,4096,32,256,928,1,half,2147483648,268435456,0.0014736,0.001376,0.00176,45826.7,38130,48771,1.64976e+06,1.37268e+06,1.75576e+06,352477,293278,375123,1.46645e+06,1.22016e+06,1.56067e+06,183307,152520,195084
GeForce RTX 3090,Unpacker,4096,32,256,960,1,half,2147483648,268435456,0.0013968,0.001376,0.001472,48062.7,45590.3,48771,1.73026e+06,1.64125e+06,1.75576e+06,369675,350658,375123,1.538e+06,1.45889e+06,1.56067e+06,192251,182361,195084
GeForce RTX 3090,Unpacker,4096,32,256,992,1,half,2147483648,268435456,0.0014208,0.001376,0.001696,47320.7,39568.9,48771,1.70354e+06,1.42448e+06,1.75576e+06,363968,304345,375123,1.51426e+06,1.2662e+06,1.56067e+06,189283,158276,195084
GeForce RTX 3090,Unpacker,4096,32,256,1024,1,half,2147483648,268435456,0.0014512,0.001376,0.00176,46493.6,38130,48771,1.67377e+06,1.37268e+06,1.75576e+06,357607,293278,375123,1.4878e+06,1.22016e+06,1.56067e+06,185974,152520,195084
GeForce RTX 3090,Unpacker,4096,32,512,32,1,half,4294967296,536870912,0.0014416,0.001376,0.001824,93405.2,73584.3,97542,3.36259e+06,2.64903e+06,3.51151e+06,718428,565975,750246,2.98897e+06,2.3547e+06,3.12134e+06,373621,294337,390168
GeForce RTX 3090,Unpacker,4096,32,512,64,1,half,4294967296,536870912,0.0014352,0.001376,0.001568,93699.3,85598,97542,3.37317e+06,3.08153e+06,3.51151e+06,720690,658379,750246,2.99838e+06,2.73914e+06,3.12134e+06,374797,342392,390168
GeForce RTX 3090,Unpacker,4096,32,512,96,1,half,4294967296,536870912,0.0014224,0.001376,0.001664,94561.9,80659.7,97542,3.40423e+06,2.90375e+06,3.51151e+06,727325,620396,750246,3.02598e+06,2.58111e+06,3.12134e+06,378248,322639,390168
GeForce RTX 3090,Unpacker,4096,32,512,128,1,half,4294967296,536870912,0.0014144,0.001376,0.001696,95168,79137.8,97542,3.42605e+06,2.84896e+06,3.51151e+06,731986,608690,750246,3.04538e+06,2.53241e+06,3.12134e+06,380672,316551,390168
GeForce RTX 3090,Unpacker,4096,32,512,160,1,half,4294967296,536870912,0.0014288,0.001376,0.0016,94113.9,83886.1,97542,3.3881e+06,3.0199e+06,3.51151e+06,723878,645211,750246,3.01164e+06,2.68435e+06,3.12134e+06,376455,335544,390168
GeForce RTX 3090,Unpacker,4096,32,512,192,1,half,4294967296,536870912,0.001456,0.001344,0.001792,92746.3,74898.3,99864.4,3.33887e+06,2.69634e+06,3.59512e+06,713360,576082,768109,2.96788e+06,2.39674e+06,3.19566e+06,370985,299593,399458
GeForce RTX 3090,Unpacker,4096,32,512,224,1,half,4294967296,536870912,0.0014128,0.001376,0.001536,95096.6,87381.3,97542,3.42348e+06,3.14573e+06,3.51151e+06,731437,672095,750246,3.04309e+06,2.7962e+06,3.12134e+06,380386,349525,390168
GeForce RTX 3090,Unpacker,4096,32,512,256,1,half,4294967296,536870912,0.0014336,0.001376,0.001664,93860.3,80659.7,97542,3.37897e+06,2.90375e+06,3.51151e+06,721928,620396,750246,3.00353e+06,2.58111e+06,3.12134e+06,375441,322639,390168
GeForce RTX 3090,Unpacker,4096,32,512,288,1,half,4294967296,536870912,0.0014112,0.001376,0.001568,95214,85598,97542,3.4277e+06,3.08153e+06,3.51151e+06,732340,658379,750246,3.04685e+06,2.73914e+06,3.12134e+06,380856,342392,390168
GeForce RTX 3090,Unpacker,4096,32,512,320,1,half,4294967296,536870912,0.0014224,0.001376,0.0016,94491.7,83886.1,97542,3.4017e+06,3.0199e+06,3.51151e+06,726784,645211,750246,3.02373e+06,2.68435e+06,3.12134e+06,377967,335544,390168
GeForce RTX 3090,Unpacker,4096,32,512,352,1,half,4294967296,536870912,0.0014496,0.001376,0.001728,92903.9,77672.3,97542,3.34454e+06,2.7962e+06,3.51151e+06,714572,597418,750246,2.97292e+06,2.48551e+06,3.12134e+06,371616,310689,390168
GeForce RTX 3090,Unpacker,4096,32,512,384,1,half,4294967296,536870912,0.0014176,0.001376,0.001728,94919.1,77672.3,97542,3.41709e+06,2.7962e+06,3.51151e+06,730072,597418,750246,3.03741e+06,2.48551e+06,3.12134e+06,379676,310689,390168
GeForce RTX 3090,Unpacker,4096,32,512,416,1,half,4294967296,536870912,0.0014272,0.001376,0.001728,94278.9,77672.3,97542,3.39404e+06,2.7962e+06,3.51151e+06,725148,597418,750246,3.01693e+06,2.48551e+06,3.12134e+06,377116,310689,390168
GeForce RTX 3090,Unpacker,4096,32,512,448,1,half,4294967296,536870912,0.0014256,0.001376,0.001568,94254.6,85598,97542,3.39317e+06,3.08153e+06,3.51151e+06,724961,658379,750246,3.01615e+06,2.73914e+06,3.12134e+06,377018,342392,390168
GeForce RTX 3090,Unpacker,4096,32,512,480,1,half,4294967296,536870912,0.001432,0.001376,0.001696,94043.8,79137.8,97542,3.38558e+06,2.84896e+06,3.51151e+06,723340,608690,750246,3.0094e+06,2.53241e+06,3.12134e+06,376175,316551,390168
GeForce RTX 3090,Unpacker,4096,32,512,512,1,half,4294967296,536870912,0.0014016,0.001376,0.001472,95797.4,91180.5,97542,3.44871e+06,3.2825e+06,3.51151e+06,736827,701317,750246,3.06552e+06,2.91778e+06,3.12134e+06,383190,364722,390168
GeForce RTX 3090,Unpacker,4096,32,512,544,1,half,4294967296,536870912,0.0014832,0.001376,0.00176,91069.5,76260.1,97542,3.2785e+06,2.74536e+06,3.51151e+06,700463,586556,750246,2.91422e+06,2.44032e+06,3.12134e+06,364278,305040,390168
GeForce RTX 3090,Unpacker,4096,32,512,576,1,half,4294967296,536870912,0.001416,0.001376,0.001504,94842.5,89240.5,97542,3.41433e+06,3.21266e+06,3.51151e+06,729483,686395,750246,3.03496e+06,2.8557e+06,3.12134e+06,379370,356962,390168
GeForce RTX 3090,Unpacker,4096,32,512,608,1,half,4294967296,536870912,0.0014432,0.001376,0.001728,93356.1,77672.3,97542,3.36082e+06,2.7962e+06,3.51151e+06,718050,597418,750246,2.98739e+06,2.48551e+06,3.12134e+06,373424,310689,390168
GeForce RTX 3090,Unpacker,4096,32,512,640,1,half,4294967296,536870912,0.0014576,0.001376,0.00176,92605.3,76260.1,97542,3.33379e+06,2.74536e+06,3.51151e+06,712275,586556,750246,2.96337e+06,2.44032e+06,3.12134e+06,370421,305040,390168
GeForce RTX 3090,Unpacker,4096,32,512,672,1,half,4294967296,536870912,0.001424,0.001376,0.0016,94417.3,83886.1,97542,3.39902e+06,3.0199e+06,3.51151e+06,726213,645211,750246,3.02135e+06,2.68435e+06,3.12134e+06,377669,335544,390168
GeForce RTX 3090,Unpacker,4096,32,512,704,1,half,4294967296,536870912,0.0014112,0.001376,0.001472,95161.2,91180.5,97542,3.4258e+06,3.2825e+06,3.51151e+06,731934,701317,750246,3.04516e+06,2.91778e+06,3.12134e+06,380645,364722,390168
GeForce RTX 3090,Unpacker,4096,32,512,736,1,half,4294967296,536870912,0.0014352,0.001376,0.001728,93901,77672.3,97542,3.38043e+06,2.7962e+06,3.51151e+06,722241,597418,750246,3.00483e+06,2.48551e+06,3.12134e+06,375604,310689,390168
GeForce RTX 3090,Unpacker,4096,32,512,768,1,half,4294967296,536870912,0.0014464,0.001376,0.001728,93204,77672.3,97542,3.35534e+06,2.7962e+06,3.51151e+06,716880,597418,750246,2.98253e+06,2.48551e+06,3.12134e+06,372816,310689,390168
GeForce RTX 3090,Unpacker,4096,32,512,800,1,half,4294967296,536870912,0.0014352,0.001376,0.001728,93844.3,77672.3,97542,3.3784e+06,2.7962e+06,3.51151e+06,721806,597418,750246,3.00302e+06,2.48551e+06,3.12134e+06,375377,310689,390168
GeForce RTX 3090,Unpacker,4096,32,512,832,1,half,4294967296,536870912,0.0014192,0.001376,0.001728,94789.4,77672.3,97542,3.41242e+06,2.7962e+06,3.51151e+06,729075,597418,750246,3.03326e+06,2.48551e+06,3.12134e+06,379158,310689,390168
GeForce RTX 3090,Unpacker,4096,32,512,864,1,half,4294967296,536870912,0.001448,0.001376,0.001728,93112.4,77672.3,97542,3.35205e+06,2.7962e+06,3.51151e+06,716176,597418,750246,2.9796e+06,2.48551e+06,3.12134e+06,372450,310689,390168
GeForce RTX 3090,Unpacker,4096,32,512,896,1,half,4294967296,536870912,0.0014144,0.001376,0.0016,95008.1,83886.1,97542,3.42029e+06,3.0199e+06,3.51151e+06,730756,645211,750246,3.04026e+06,2.68435e+06,3.12134e+06,380032,335544,390168
GeForce RTX 3090,Unpacker,4096,32,512,928,1,half,4294967296,536870912,0.0014,0.001376,0.00144,95884.2,93206.8,97542,3.45183e+06,3.35544e+06,3.51151e+06,737495,716902,750246,3.0683e+06,2.98262e+06,3.12134e+06,383537,372827,390168
GeForce RTX 3090,Unpacker,4096,32,512,960,1,half,4294967296,536870912,0.00144,0.001376,0.001728,93449.6,77672.3,97542,3.36418e+06,2.7962e+06,3.51151e+06,718769,597418,750246,2.99039e+06,2.48551e+06,3.12134e+06,373798,310689,390168
GeForce RTX 3090,Unpacker,4096,32,512,992,1,half,4294967296,536870912,0.0014544,0.001376,0.001728,92782.5,77672.3,97542,3.34017e+06,2.7962e+06,3.51151e+06,713639,597418,750246,2.96904e+06,2.48551e+06,3.12134e+06,371130,310689,390168
GeForce RTX 3090,Unpacker,4096,32,512,1024,1,half,4294967296,536870912,0.0016656,0.001376,0.003808,84850.1,35246.3,97542,3.0546e+06,1.26887e+06,3.51151e+06,652626,271097,750246,2.7152e+06,1.12788e+06,3.12134e+06,339400,140985,390168
GeForce RTX 3090,Unpacker,4096,32,1024,32,1,half,8589934592,1073741824,0.0014544,0.001376,0.001824,185324,147169,195084,6.67166e+06,5.29807e+06,7.02302e+06,1.42542e+06,1.13195e+06,1.50049e+06,5.93037e+06,4.70939e+06,6.24268e+06,741296,588674,780336
GeForce RTX 3090,Unpacker,4096,32,1024,64,1,half,8589934592,1073741824,0.0014704,0.001376,0.001664,183209,161319,195084,6.59552e+06,5.8075e+06,7.02302e+06,1.40916e+06,1.24079e+06,1.50049e+06,5.86269e+06,5.16222e+06,6.24268e+06,732836,645278,780336
GeForce RTX 3090,Unpacker,4096,32,1024,96,1,half,8589934592,1073741824,0.0014304,0.001376,0.001632,188007,164483,195084,6.76824e+06,5.92137e+06,7.02302e+06,1.44606e+06,1.26512e+06,1.50049e+06,6.01621e+06,5.26344e+06,6.24268e+06,752027,657930,780336
GeForce RTX 3090,Unpacker,4096,32,1024,128,1,half,8589934592,1073741824,0.0014464,0.001376,0.001696,186152,158276,195084,6.70146e+06,5.69792e+06,7.02302e+06,1.43179e+06,1.21738e+06,1.50049e+06,5.95686e+06,5.06482e+06,6.24268e+06,744607,633102,780336
GeForce RTX 3090,Unpacker,4096,32,1024,160,1,half,8589934592,1073741824,0.0014256,0.001376,0.0016,188558,167772,195084,6.78808e+06,6.0398e+06,7.02302e+06,1.4503e+06,1.29042e+06,1.50049e+06,6.03385e+06,5.36871e+06,6.24268e+06,754232,671089,780336
GeForce RTX 3090,Unpacker,4096,32,1024,192,1,half,8589934592,1073741824,0.0014096,0.001376,0.001472,190477,182361,195084,6.85718e+06,6.565e+06,7.02302e+06,1.46506e+06,1.40263e+06,1.50049e+06,6.09527e+06,5.83555e+06,6.24268e+06,761908,729444,780336
GeForce RTX 3090,Unpacker,4096,32,1024,224,1,half,8589934592,1073741824,0.0014032,0.001376,0.00144,191325,186414,195084,6.8877e+06,6.71089e+06,7.02302e+06,1.47158e+06,1.4338e+06,1.50049e+06,6.1224e+06,5.96523e+06,6.24268e+06,765300,745654,780336
GeForce RTX 3090,Unpacker,4096,32,1024,256,1,half,8589934592,1073741824,0.0014384,0.001376,0.00176,187122,152520,195084,6.7364e+06,5.49072e+06,7.02302e+06,1.43925e+06,1.17311e+06,1.50049e+06,5.98791e+06,4.88064e+06,6.24268e+06,748489,610081,780336
GeForce RTX 3090,Unpacker,4096,32,1024,288,1,half,8589934592,1073741824,0.0013984,0.001376,0.001472,192009,182361,195084,6.91233e+06,6.565e+06,7.02302e+06,1.47684e+06,1.40263e+06,1.50049e+06,6.1443e+06,5.83555e+06,6.24268e+06,768037,729444,780336
GeForce RTX 3090,Unpacker,4096,32,1024,320,1,half,8589934592,1073741824,0.0014352,0.001376,0.001664,187598,161319,195084,6.75352e+06,5.8075e+06,7.02302e+06,1.44291e+06,1.24079e+06,1.50049e+06,6.00312e+06,5.16222e+06,6.24268e+06,750391,645278,780336
GeForce RTX 3090,Unpacker,4096,32,1024,352,1,half,8589934592,1073741824,0.0016528,0.001376,0.004096,173623,65536,195084,6.25042e+06,2.3593e+06,7.02302e+06,1.33542e+06,504071,1.50049e+06,5.55593e+06,2.09715e+06,6.24268e+06,694492,262144,780336
GeForce RTX 3090,Unpacker,4096,32,1024,384,1,half,8589934592,1073741824,0.0014384,0.001376,0.001792,187306,149797,195084,6.74301e+06,5.39268e+06,7.02302e+06,1.44067e+06,1.15216e+06,1.50049e+06,5.99379e+06,4.79349e+06,6.24268e+06,749223,599186,780336
GeForce RTX 3090,Unpacker,4096,32,1024,416,1,half,8589934592,1073741824,0.001424,0.001376,0.001664,188994,161319,195084,6.80377e+06,5.8075e+06,7.02302e+06,1.45365e+06,1.24079e+06,1.50049e+06,6.04779e+06,5.16222e+06,6.24268e+06,755974,645278,780336
GeForce RTX 3090,Unpacker,4096,32,1024,448,1,half,8589934592,1073741824,0.0014384,0.001376,0.001728,187408,155345,195084,6.7467e+06,5.59241e+06,7.02302e+06,1.44145e+06,1.19484e+06,1.50049e+06,5.99707e+06,4.97103e+06,6.24268e+06,749633,621378,780336
GeForce RTX 3090,Unpacker,4096,32,1024,480,1,half,8589934592,1073741824,0.0013984,0.001376,0.00144,191990,186414,195084,6.91165e+06,6.71089e+06,7.02302e+06,1.4767e+06,1.4338e+06,1.50049e+06,6.14368e+06,5.96523e+06,6.24268e+06,767961,745654,780336
GeForce RTX 3090,Unpacker,4096,32,1024,512,1,half,8589934592,1073741824,0.001432,0.001376,0.001696,187852,158276,195084,6.76266e+06,5.69792e+06,7.02302e+06,1.44486e+06,1.21738e+06,1.50049e+06,6.01125e+06,5.06482e+06,6.24268e+06,751406,633102,780336
GeForce RTX 3090,Unpacker,4096,32,1024,544,1,half,8589934592,1073741824,0.0014336,0.001376,0.001728,187708,155345,195084,6.75749e+06,5.59241e+06,7.02302e+06,1.44376e+06,1.19484e+06,1.50049e+06,6.00666e+06,4.97103e+06,6.24268e+06,750832,621378,780336
GeForce RTX 3090,Unpacker,4096,32,1024,576,1,half,8589934592,1073741824,0.0014048,0.001376,0.001408,191094,190650,195084,6.87937e+06,6.86341e+06,7.02302e+06,1.4698e+06,1.46639e+06,1.50049e+06,6.11499e+06,6.10081e+06,6.24268e+06,764374,762601,780336
GeForce RTX 3090,Unpacker,4096,32,1024,608,1,half,8589934592,1073741824,0.0014192,0.001376,0.001664,189425,161319,195084,6.8193e+06,5.8075e+06,7.02302e+06,1.45697e+06,1.24079e+06,1.50049e+06,6.0616e+06,5.16222e+06,6.24268e+06,757700,645278,780336
GeForce RTX 3090,Unpacker,4096,32,1024,640,1,half,8589934592,1073741824,0.0014416,0.001376,0.001792,187154,149797,195084,6.73755e+06,5.39268e+06,7.02302e+06,1.4395e+06,1.15216e+06,1.50049e+06,5.98894e+06,4.79349e+06,6.24268e+06,748617,599186,780336
GeForce RTX 3090,Unpacker,4096,32,1024,672,1,half,8589934592,1073741824,0.0014272,0.001376,0.001568,188331,171196,195084,6.77992e+06,6.16306e+06,7.02302e+06,1.44855e+06,1.31676e+06,1.50049e+06,6.0266e+06,5.47828e+06,6.24268e+06,753325,684784,780336
GeForce RTX 3090,Unpacker,4096,32,1024,704,1,half,8589934592,1073741824,0.0014576,0.001376,0.001824,185115,147169,195084,6.66414e+06,5.29807e+06,7.02302e+06,1.42381e+06,1.13195e+06,1.50049e+06,5.92368e+06,4.70939e+06,6.24268e+06,740460,588674,780336
GeForce RTX 3090,Unpacker,4096,32,1024,736,1,half,8589934592,1073741824,0.0014144,0.001376,0.001696,190150,158276,195084,6.84539e+06,5.69792e+06,7.02302e+06,1.46254e+06,1.21738e+06,1.50049e+06,6.08479e+06,5.06482e+06,6.24268e+06,760599,633102,780336
GeForce RTX 3090,Unpacker,4096,32,1024,768,1,half,8589934592,1073741824,0.0014208,0.001376,0.001568,189071,171196,195084,6.80655e+06,6.16306e+06,7.02302e+06,1.45424e+06,1.31676e+06,1.50049e+06,6.05027e+06,5.47828e+06,6.24268e+06,756284,684784,780336
GeForce RTX 3090,Unpacker,4096,32,1024,800,1,half,8589934592,1073741824,0.0014544,0.001376,0.001728,185331,155345,195084,6.67191e+06,5.59241e+06,7.02302e+06,1.42548e+06,1.19484e+06,1.50049e+06,5.93059e+06,4.97103e+06,6.24268e+06,741324,621378,780336
GeForce RTX 3090,Unpacker,4096,32,1024,832,1,half,8589934592,1073741824,0.0014144,0.001376,0.001504,189878,178481,195084,6.8356e+06,6.42532e+06,7.02302e+06,1.46045e+06,1.37279e+06,1.50049e+06,6.07609e+06,5.71139e+06,6.24268e+06,759512,713924,780336
GeForce RTX 3090,Unpacker,4096,32,1024,864,1,half,8589934592,1073741824,0.0014416,0.001376,0.001696,186799,158276,195084,6.72478e+06,5.69792e+06,7.02302e+06,1.43677e+06,1.21738e+06,1.50049e+06,5.97758e+06,5.06482e+06,6.24268e+06,747198,633102,780336
GeForce RTX 3090,Unpacker,4096,32,1024,896,1,half,8589934592,1073741824,0.0014128,0.001376,0.001728,190437,155345,195084,6.85572e+06,5.59241e+06,7.02302e+06,1.46475e+06,1.19484e+06,1.50049e+06,6.09397e+06,4.97103e+06,6.24268e+06,761747,621378,780336
GeForce RTX 3090,Unpacker,4096,32,1024,928,1,half,8589934592,1073741824,0.0014528,0.001376,0.001696,185492,158276,195084,6.67773e+06,5.69792e+06,7.02302e+06,1.42672e+06,1.21738e+06,1.50049e+06,5.93576e+06,5.06482e+06,6.24268e+06,741970,633102,780336
GeForce RTX 3090,Unpacker,4096,32,1024,960,1,half,8589934592,1073741824,0.0014288,0.001376,0.001664,188382,161319,195084,6.78176e+06,5.8075e+06,7.02302e+06,1.44894e+06,1.24079e+06,1.50049e+06,6.02823e+06,5.16222e+06,6.24268e+06,753529,645278,780336
GeForce RTX 3090,Unpacker,4096,32,1024,992,1,half,8589934592,1073741824,0.0014528,0.001376,0.00176,185736,152520,195084,6.68651e+06,5.49072e+06,7.02302e+06,1.4286e+06,1.17311e+06,1.50049e+06,5.94357e+06,4.88064e+06,6.24268e+06,742946,610081,780336
GeForce RTX 3090,Unpacker,4096,32,1024,1024,1,half,8589934592,1073741824,0.0014208,0.001376,0.001728,189338,155345,195084,6.81617e+06,5.59241e+06,7.02302e+06,1.4563e+06,1.19484e+06,1.50049e+06,6.05882e+06,4.97103e+06,6.24268e+06,757352,621378,780336
